{
  "project_info": {
    "project_number": "1075291563069",
    "project_id": "winionvirus-dbad5",
    "storage_bucket": "winionvirus-dbad5.firebasestorage.app"
  },
  "client": [
    {
      "client_info": {
        "mobilesdk_app_id": "1:1075291563069:android:21258bf4973d89f03bf654",
        "android_client_info": {
          "package_name": "com.dawntown.winionvirus"
        }
      },
      "oauth_client": [],
      "api_key": [
        {
          "current_key": "AIzaSyBUGTDwIOp1pNt0w8IWbVnFpFNbD1O1Kjc"
        }
      ],
      "services": {
        "appinvite_service": {
          "other_platform_oauth_client": []
        }
      }
    }
  ],
  "configuration_version": "1"
}